Модель,Accuracy Mean,Accuracy Std,ROC-AUC Mean,ROC-AUC Std
Градиентный бустинг,0.8187924751305033,0.017690477089649475,0.8947291620489113,0.019197279055711086
Случайный лес,0.8202600216684723,0.022588269623516156,0.8779740719631002,0.02395392630232545
Логистическая регрессия,0.8216487737614498,0.018991407504988667,0.869923239711641,0.0223412910863775
